Address(Dec)为十进制Modbus协议地址；Address(Hex)表示十六进制Modbus协议地址；Length表示字的长度；Access表示数据类型；,,,,,,
Address(Dec),Address(Hex),Length,DataType,Access,Name,Description
0,0x0000,1,UNS16,RO,BootVersion,Boot软件版本；
1,0x0001,1,UNS16,RO,SoftwareVersion,应用软件版本；
2,0x0002,1,UNS16,RO,HardwareCode,驱动板硬件代号；
3,0x0003,1,UNS8,RO,Rs485AuxProtocolVersion,RS485自定义协议版本；
4,0x0004,1,UNS8,RO,Rs485ModbusProtocolVersion,RS485-Modbus协议版本；
5,0x0005,1,UNS8,RO,CanAuxProtocolVersion,CAN自定义协议版本；
6,0x0006,1,UNS8,RO,CanOpenProtocolVersion,CANOPEN协议版本；
7,0x0007,1,UNS16,RO,UID[11],12字节唯一设备序列号；
8,0x0008,1,UNS16,RO,UID[11],12字节唯一设备序列号；
9,0x0009,1,UNS16,RO,UID[11],12字节唯一设备序列号；
10,0x000A,1,UNS16,RO,UID[11],12字节唯一设备序列号；
11,0x000B,1,UNS16,RO,UID[11],12字节唯一设备序列号；
12,0x000C,1,UNS16,RO,UID[11],12字节唯一设备序列号；
13,0x000D,1,UNS16,RO,ElecOffset,编码器校准得到的电角度偏移；
14,0x000E,1,UNS16,RO,MecOffset,机械角度偏移；
15,0x000F,1,UNS16,RO,Current_U_offset,U相电流校准得到的偏移；
16,0x0010,1,UNS16,RO,Current_V_offset,V相电流校准得到的偏移；
17,0x0011,1,UNS16,RO,Current_W_offset,W相电流校准得到的偏移；
,,,,,,
64,0x0040,1,UNS16,RO,MotorName[15],16字节电机名称(ASCII字符)；
65,0x0041,1,UNS16,RO,MotorName[15],16字节电机名称(ASCII字符)；
66,0x0042,1,UNS16,RO,MotorName[15],16字节电机名称(ASCII字符)；
67,0x0043,1,UNS16,RO,MotorName[15],16字节电机名称(ASCII字符)；
68,0x0044,1,UNS16,RO,MotorName[15],16字节电机名称(ASCII字符)；
69,0x0045,1,UNS16,RO,MotorName[15],16字节电机名称(ASCII字符)；
70,0x0046,1,UNS16,RO,MotorName[15],16字节电机名称(ASCII字符)；
71,0x0047,1,UNS16,RO,MotorName[15],16字节电机名称(ASCII字符)；
72,0x0048,1,UNS8,RO,MotorNpp,电机极对数
73,0x0049,2,FLOAT,RO,MotorRS,电机相电阻，单位Ω；（两相线之间的电阻除2）
74,,,,,,
75,0x004B,2,FLOAT,RO,MotorLS,电机相电感，单位mH；（两相线之间的电感除2）
76,,,,,,
77,0x004D,2,FLOAT,RO,MotorKt,电机力矩常数，单位N/m；
78,,,,,,
79,0x004F,1,UNS16,RO,MotorGR_Num,电机减速比分子；
80,0x0050,1,UNS16,RO,MotorGR_Den,电机减速比分母；
,,,,,,
128,0x0080,1,UNS16,RO,SingleTurnAbsoluteAngle,单圈绝对值角度° = val*(360/16384)
129,0x0081,2,INTEGER32,RO,MultiTurnAbsoluteAngle,多圈绝对值角度° = val*(360/16384)
130,,,,,,
131,0x0083,2,INTEGER32,RO,Velocity,旋转速度，单位0.01Rpm
132,,,,,,
133,0x0085,1,INTEGER16,RO,Current_q,Q轴电流，单位0.001A；（力矩 = Q轴电流*力矩常数）
134,0x0086,1,UNS16,RO,BusVoltage,母线电压，单位0.01V；
135,0x0087,1,UNS16,RO,BusCurrent,母线电流，单位001A；编码器校准过程中该值无效；
136,0x0088,1,UNS8,RO,WorkTemperature ,工作温度，单位℃；
137,0x0089,1,UNS8,RO,RunState,运行状态（0：关闭状态；1：电压控制；2：Q轴电流控制；3：速度控制；4：位置控制）；
138,0x008A,1,UNS8,RO,MotorState,电机状态（0：使能；其它：使能）；
139,0x008B,1,UNS8,RO,FaultCode,故障码（Bit0：电压故障；Bit1：电流故障；Bit2：温度故障；Bit6：硬件故障；Bit7：软件故障）；
,,,,,,
192,0x00C0,1,UNS8,RW,EncoderType,编码器型号（0：AS504x_SPI；1：Ma7xx_SPI；2：MT6835_SPI；3：TLx5012_SPI；4：AS504x_PWM）;
193,0x00C1,1,UNS8,RW,IsChangeEncoderDirection,是否改变编码器方向（0：不改变方向；其它：改变方向）
194,0x00C2,1,UNS8,RW,IsEnable2ndEncoder,是否使能第二编码器（0：不使能；其它：使能）
195,0x00C3,1,UNS8,RW,VelocityFilteringPara,速度滤波系数，数值1~100表示系数0.01~1；
196,0x00C4,1,UNS8,RW,DeviceAddr,设备地址，地址范围为0x01~0xFE (1~254)；
197,0x00C5,1,UNS8,RW,Rs485Baudrate,RS485通信波特率（0: 921600；1: 460800；2: 115200；3: 57600；4: 38400；5: 19200；6: 9600；（默认值115200））；
198,0x00C6,1,UNS8,RW,CanBaudrate,CAN通信波特率（0：1M；1：500K；2：250K；3：125K；4：100K；（默认值为1M））；
199,0x00C7,1,UNS8,RW,IsEnableCanOpen,是否是使能CanOpen协议（0：使用Can自定义协议；其它：使用CanOpen协议）
200,0x00C8,1,UNS16,RW,MaxBusVoltage,允许最大母线电压，单位0.01V;
201,0x00C9,1,UNS8,RW,BusVoltaggeOverTimes,持续过压时长大于该时长，报电压故障；单位秒；
202,0x00CA,1,UNS16,RW,MaxBusCurrent,允许最大母线电流，单位0.01A;
203,0x00CB,1,UNS8,RW,BusCurrentOverTimes,持续过流时长大于该时长，报电流故障；单位秒；
204,0x00CC,1,UNS8,RW,MaxTemperature,允许最大工作温度；
205,0x00CD,1,UNS8,RW,MaxTemperatureOverTimes,持续过温时长大于该时长，报温度故障；单位秒；
206,0x00CE,1,UNS8,RW,BrakeOutCtrl,0：抱闸输出开关断开；1：抱闸输出开关闭合；
,,,,,,
256,0x0100,2,FLOAT,RW,PositionCtrl_Kp,位置闭环控制Kp；
257,,,,,,
258,0x0102,2,FLOAT,RW,PositionCtrl_Ki,位置闭环控制Ki；
259,,,,,,
260,0x0104,2,UNS32,RW,PositionCtrl_MaxVelocity,位置模式最大速度，单位0.01Rpm；
261,,,,,,
262,0x0106,2,FLOAT,RW,VelocityCtrl_Kp,速度闭环控制Kp；
263,,,,,,
264,0x0108,2,FLOAT,RW,VelocityCtrl_Ki,速度闭环控制Ki；
265,,,,,,
266,0x010A,2,UNS32,RW,VelocityCtrl_MaxIq,速度或位置模式最大Q轴电流，单位0.001A；
267,,,,,,
,,,,,,
320,0x0140,1,UNS8,RW,DeviceRestart,系统复位；写入非0值有效；
321,0x0141,1,UNS8,RW,ResetFault,清除故障；写入非0值有效；
322,0x0142,1,UNS8,RW,SetZeroByCurrentPosition,设置当前位置为原点；写入非0值有效；
323,0x0143,1,UNS8,RW,StartEncoderCalib,编码器校准；写入非0值有效；
324,0x0144,1,UNS8,RW,ResetSysParameter,系统参数恢复默认值；写入非0值有效；
325,0x0145,1,UNS8,RW,RunShortestHomePosition,最短距离回原点；写入非0值有效；
,,,,,,
384,0x0180,1,UNS8,RW,ControlWord,控制字；（0：失能电机；0xFF：使能电机运行）；
385,0x0181,1,UNS8,RW,RunMode,工作模式；（1: Q轴电流控制；2: 速度控制；3: 绝对值位置控制；4: 相对位置控制；5: 最短距离回原点； 6：梯形曲线绝对位置控制； 7：梯形曲线相对位置控制； 8：位置滤波绝对位置控制； 9：位置滤波相对位置控制；）
386,0x0182,2,INTEGER32,RW,TragetIq,目标Q轴电流；单位0.001A；力矩 = 目标电流*力矩常数；
387,0x0183,,,,,
388,0x0184,2,UNS32,RW,Slope,Q轴电流斜率；单位0.001A/s；值为0时为最大斜率；
389,0x0185,,,,,
390,0x0186,2,INTEGER32,RW,TragetVelocity,目标速度，单位0.01Rpm；
391,0x0187,,,,,
392,0x0188,2,UNS32,RW,VelocityAcc,速度模式加速度，单位0.01Rpm/s；值为0时为最大加速度；
393,0x0189,,,,,
394,0x018A,2,INTEGER32,RW,AbsolutePositionValue,绝对值位置控制；单位为Count；旋转一圈为16384个Count；
395,0x018B,,,,,
396,0x018C,2,INTEGER32,RW,RelativePositionValue,相对位置控制；单位为Count；旋转一圈为16384个Count；
397,0x018D,,,,,
405,0x0195,,,,,
,,,,,,
500,0x01F4,2,UNS32,RW,PosCtrl_TrajAmax,梯形曲线位置控制的加速度，单位0.01Rpm/s；
501,0x01F5,,,,,
502,0x01F6,2,UNS32,RW,PosCtrl_TrajDmax,梯形曲线位置控制的减速度，单位0.01Rpm/s；
503,0x01F7,,,,,
504,0x01F8,1,UNS16,RW,PosCtrl_FilterBW,位置滤波控制的频率，单位Hz；
506,0x01FA,,,,,
505,0x01F9,2,FLOAT,RW,PosCtrl_FilterPos_Inertia,"位置滤波控制的转动惯量,单位为Nm/(turn/s²),0表示禁用电流前馈"
508,0x01FC,,,,,
510,0x01FE,,,,,
512,0x0200,,,,,
507,0x01FB,2,UNS32,RW,PosCtrl_FilterPos_Curfeedback,位置滤波模式最大前馈电流，单位0.001A；
514,0x0202,,,,,
,,,,,,
600,0x0258,2,INTEGER32,RW,TrapAbsolutePositionValue,梯形曲线绝对值位置控制；单位为Count；旋转一圈为16384个Count；
601,0x0259,,,,,
602,0x025A,2,INTEGER32,RW,TrapRelativePositionValue,梯形曲线相对位置控制；单位为Count；旋转一圈为16384个Count；
603,0x025B,,,,,
604,0x025C,2,INTEGER32,RW,FilterAbsolutePositionValue,位置滤波绝对值位置控制；单位为Count；旋转一圈为16384个Count；
605,0x025D,,,,,
606,0x025E,2,INTEGER32,RW,FilterRelativePositionValue,位置滤波相对位置控制；单位为Count；旋转一圈为16384个Count；